{
    "datasourceTypes": [
      "Microsoft.Compute/disks"
    ],
    "name": "DiskPolicy",
    "objectType": "BackupPolicy",
    "policyRules": [
      {
        "backupParameters": {
          "backupType": "Incremental",
          "objectType": "AzureBackupParams"
        },
        "dataStore": {
          "dataStoreType": "OperationalStore",
          "objectType": "DataStoreInfoBase"
        },
        "name": "BackupHourly",
        "objectType": "AzureBackupRule",
        "trigger": {
          "objectType": "ScheduleBasedTriggerContext",
          "schedule": {
            "repeatingTimeIntervals": [
              "R/2022-03-15T10:30:00+00:00/PT24H"
            ]
          },
          "taggingCriteria": [
            {
              "isDefault": true,
              "tagInfo": {
                "id": "Default_",
                "tagName": "Default"
              },
              "taggingPriority": 99
            }
          ]
        }
      },
      {
        "isDefault": true,
        "lifecycles": [
          {
            "deleteAfter": {
              "duration": "P30D",
              "objectType": "AbsoluteDeleteOption"
            },
            "sourceDataStore": {
              "dataStoreType": "OperationalStore",
              "objectType": "DataStoreInfoBase"
            }
          }
        ],
        "name": "Default",
        "objectType": "AzureRetentionRule"
      }
    ]
  }