{
    "$schema": "https://schema.management.azure.com/schemas/2015-01-01/deploymentTemplate.json#",
    "contentVersion": "1.0.0.0",
    "parameters": {
        "ApimServiceName": {
            "type": "string",
            "metadata": {
                "description": "The name of the API Management"
            }
        }
    },
    "variables": {},
    "resources": [
        {
            "type": "Microsoft.ApiManagement/service/products",
            "name": "[concat(parameters('ApimServiceName'), '/starter')]",
            "apiVersion": "2018-01-01",
            "scale": null,
            "properties": {
                "displayName": "Starter",
                "description": "Include 3 APIs. Limited to 1 subscription per developer. Throttled at 3 calls per 10 second.",
                "terms": null,
                "subscriptionRequired": true,
                "approvalRequired": true,
                "subscriptionsLimit": 1,
                "state": "published"
            }
        },
        {
            "type": "Microsoft.ApiManagement/service/products/policies",
            "name": "[concat(parameters('ApimServiceName'), '/starter/policy')]",
            "apiVersion": "2018-01-01",
            "properties": {
                "policyContent": "<policies><inbound><rate-limit calls=\"3\" renewal-period=\"10\" /><base /></inbound><outbound><base /></outbound><backend><base /></backend><on-error><base /></on-error></policies>",
                "contentFormat": "rawxml"
            },
            "dependsOn": [
                "[resourceId('Microsoft.ApiManagement/service/products', parameters('ApimServiceName'), 'starter')]"
            ]
        },
        {
            "type": "Microsoft.ApiManagement/service/products/groups",
            "name": "[concat(parameters('ApimServiceName'), '/starter/contosogroup' )]",
            "apiVersion": "2017-03-01",
            "scale": null,
            "properties": {},
            "dependsOn": [
                "[resourceId('Microsoft.ApiManagement/service/products', parameters('ApimServiceName'), 'starter')]"
            ]
        }
    ],
    "outputs": {}
}
