{
    "$schema": "https://schema.management.azure.com/schemas/2015-01-01/deploymentTemplate.json#",
    "contentVersion": "1.0.0.0",
    "parameters": {
        "ApimServiceName": {
          "type": "string"
        }
    },
    "resources": [
        {
            "type": "Microsoft.ApiManagement/service/groups",
            "name": "[concat(parameters('ApimServiceName'), '/contosogroup')]",
            "apiVersion": "2018-01-01",
            "scale": null,
            "properties": {
                "displayName": "ContosoGroup",
                "description": "Group containing all developers from Contoso who will be consuming our APIs",
                "type": "custom",
                "externalId": null
            }
        }
    ]
  }