<!--
    IMPORTANT:
    - Policy elements can appear only within the <inbound>, <outbound>, <backend> section elements.
    - To apply a policy to the incoming request (before it is forwarded to the backend service), place a corresponding policy element within the <inbound> section element.
    - To apply a policy to the outgoing response (before it is sent back to the caller), place a corresponding policy element within the <outbound> section element.
    - To add a policy, place the cursor at the desired insertion point and select a policy from the sidebar.
    - To remove a policy, delete the corresponding policy statement from the policy document.
    - Position the <base> element within a section element to inherit all policies from the corresponding section element in the enclosing scope.
    - Remove the <base> element to prevent inheriting policies from the corresponding section element in the enclosing scope.
    - Policies are applied in the order of their appearance, from the top down.
    - Comments within policy elements are not supported and may disappear. Place your comments between policy elements or at a higher level scope.
Test-->
<policies>
    <inbound>
        <base />
        <cache-lookup-value key="CAT-12XXADS-fdclientcenter-com" variable-name="keyVaultCertBase64" />
        <!-- call Key Vault if secret is not found in the cache -->
        <choose>
            <when condition="@("East US 2".Equals(context.Deployment.Region, StringComparison.OrdinalIgnoreCase))">
                <!-- Prernahttps://kveus2devpartnerapim01.vault.azure.net/secrets/CAT-12XXADS-fdclientcenter-com/9aab3f5bd95c45889ada1623cd5f4aa9?api-version=7.1 -->
                <set-variable name="keyVaultCertificateUrl" value="[parameters('fiservKeyvaultSecretUrlEUS2')]" />
            </when>
            <when condition="@("Central US".Equals(context.Deployment.Region, StringComparison.OrdinalIgnoreCase))">
                <set-variable name="keyVaultCertificateUrl" value="[parameters('fiservKeyvaultSecretUrlCUS')]" />
            </when>
            <otherwise>
                <set-variable name="keyVaultCertificateUrl" value="[parameters('fiservKeyvaultSecretUrlCUS')]" />
            </otherwise>
        </choose>
        <choose>
            <when condition="@(!context.Variables.ContainsKey("keyVaultCertResponse"))">
                <send-request mode="new" response-variable-name="keyVaultCertResponse" timeout="20" ignore-error="false">
                    <set-url>@((string)context.Variables["keyVaultCertificateUrl"])</set-url>
                    <set-method>GET</set-method>
                    <authentication-managed-identity resource="https://vault.azure.net" />
                </send-request>
                <!-- transform response to string and store in cache -->
                <set-variable name="keyVaultCertBase64" value="@(((IResponse)context.Variables["keyVaultCertResponse"]).Body.As<JObject>()["value"].ToString())" />
                <cache-store-value key="CAT-12XXADS-fdclientcenter-com" value="@((string)context.Variables["keyVaultCertBase64"])" duration="3600" />
            </when>
        </choose>
        <authentication-certificate body="@(Convert.FromBase64String((string)context.Variables["keyVaultCertBase64"]))" />
    </inbound>
    <backend>
        <base />
    </backend>
    <outbound>
        <base />
    </outbound>
    <on-error>
        <base />
    </on-error>
</policies>
