{
  "$schema": "https://schema.management.azure.com/schemas/2019-04-01/deploymentTemplate.json#",
  "contentVersion": "1.0.0.0",
  "parameters": {
    "ApimServiceName": {
      "type": "string"
    },
    "serviceUrl": {
      "type": "string"
    },
    "fiservKeyvaultSecretUrlCUS": {
      "type": "string"
    },
    "fiservKeyvaultSecretUrlEUS2": {
      "type": "string"
    }
  },
  "resources": [
    {
      "properties": {
        "isCurrent": false,
        "subscriptionRequired": false,
        "displayName": "FiservAccountSearch",
        "serviceUrl": "[parameters('serviceUrl')]",
        "path": "/v1/fiserv-account-search",
        "protocols": [
          "https"
        ],
        "value": "openapi: 3.0.1\r\ninfo:\r\n  title: Fiserv Account Search\r\n  description: 'Fiserv Account Search'\r\n  contact:\r\n    email: adsVulcan@alldata.net\r\n  license:\r\n    name: Apache 2.0\r\n    url: https://www.apache.org/licenses/LICENSE-2.0.html\r\n  version: 1.0.0\r\nservers:\r\n  - url: https://pl-cat.fs.fdcsoa.com/fs/account/v4\r\npaths:\r\n  /alphaSearch:\r\n    post:\r\n      summary: Get Account data using Alpha search\r\n      operationId: get-account-data-using-alpha-search\r\n      responses:\r\n        '200':\r\n          description: \r\n  /customers:\r\n    post:\r\n      summary: Account Customers\r\n      operationId: account-customers\r\n      responses:\r\n        '200':\r\n          description: \r\n  /search:\r\n    post:\r\n      summary: Search\r\n      operationId: search\r\n      responses:\r\n        '200':\r\n          description: \r\n  /dataLinkCardholderValues:\r\n    post:\r\n      summary: hardship\r\n      description: hardship\r\n      operationId: hardship\r\n      responses:\r\n        '200':\r\n          description: \r\n  /cardIssuancePlastic:\r\n    post:\r\n      summary: cardIssuancePlastic\r\n      description: cardIssuancePlastic\r\n      operationId: cardissuanceplastic\r\n      responses:\r\n        '200':\r\n          description: \r\ncomponents:\r\n  securitySchemes:\r\n    apiKeyHeader:\r\n      type: apiKey\r\n      name: Ocp-Apim-Subscription-Key\r\n      in: header\r\n    apiKeyQuery:\r\n      type: apiKey\r\n      name: subscription-key\r\n      in: query\r\nsecurity:\r\n  - apiKeyHeader: [ ]\r\n  - apiKeyQuery: [ ]",
        "format": "openapi"
      },
      "name": "[concat(parameters('ApimServiceName'), '/FiservAccountSearch')]",
      "type": "Microsoft.ApiManagement/service/apis",
      "apiVersion": "2021-01-01-preview",
      "dependsOn": []
    },
    {
      "properties": {
        "value": "<!--\r\n    IMPORTANT:\r\n    - Policy elements can appear only within the <inbound>, <outbound>, <backend> section elements.\r\n    - To apply a policy to the incoming request (before it is forwarded to the backend service), place a corresponding policy element within the <inbound> section element.\r\n    - To apply a policy to the outgoing response (before it is sent back to the caller), place a corresponding policy element within the <outbound> section element.\r\n    - To add a policy, place the cursor at the desired insertion point and select a policy from the sidebar.\r\n    - To remove a policy, delete the corresponding policy statement from the policy document.\r\n    - Position the <base> element within a section element to inherit all policies from the corresponding section element in the enclosing scope.\r\n    - Remove the <base> element to prevent inheriting policies from the corresponding section element in the enclosing scope.\r\n    - Policies are applied in the order of their appearance, from the top down.\r\n    - Comments within policy elements are not supported and may disappear. Place your comments between policy elements or at a higher level scope.\r\n-->\r\n<policies>\r\n    <inbound>\r\n        <base />\r\n        <cache-lookup-value key=\"CAT-12XXADS-fdclientcenter-com\" variable-name=\"keyVaultCertBase64\" />\r\n        <!-- call Key Vault if secret is not found in the cache -->\r\n        <choose>\r\n            <when condition=\"@(\"East US 2\".Equals(context.Deployment.Region, StringComparison.OrdinalIgnoreCase))\">\r\n                <!-- https://kveus2devpartnerapim01.vault.azure.net/secrets/CAT-12XXADS-fdclientcenter-com/9aab3f5bd95c45889ada1623cd5f4aa9?api-version=7.1 -->\r\n                <set-variable name=\"keyVaultCertificateUrl\" value=\"[parameters('fiservKeyvaultSecretUrlEUS2')]\" />\r\n            </when>\r\n            <when condition=\"@(\"Central US\".Equals(context.Deployment.Region, StringComparison.OrdinalIgnoreCase))\">\r\n                <set-variable name=\"keyVaultCertificateUrl\" value=\"[parameters('fiservKeyvaultSecretUrlCUS')]\" />\r\n            </when>\r\n            <otherwise>\r\n                <set-variable name=\"keyVaultCertificateUrl\" value=\"[parameters('fiservKeyvaultSecretUrlCUS')]\" />\r\n            </otherwise>\r\n        </choose>\r\n        <choose>\r\n            <when condition=\"@(!context.Variables.ContainsKey(\"keyVaultCertResponse\"))\">\r\n                <send-request mode=\"new\" response-variable-name=\"keyVaultCertResponse\" timeout=\"20\" ignore-error=\"false\">\r\n                    <set-url>@((string)context.Variables[\"keyVaultCertificateUrl\"])</set-url>\r\n                    <set-method>GET</set-method>\r\n                    <authentication-managed-identity resource=\"https://vault.azure.net\" />\r\n                </send-request>\r\n                <!-- transform response to string and store in cache -->\r\n                <set-variable name=\"keyVaultCertBase64\" value=\"@(((IResponse)context.Variables[\"keyVaultCertResponse\"]).Body.As<JObject>()[\"value\"].ToString())\" />\r\n                <cache-store-value key=\"CAT-12XXADS-fdclientcenter-com\" value=\"@((string)context.Variables[\"keyVaultCertBase64\"])\" duration=\"3600\" />\r\n            </when>\r\n        </choose>\r\n        <authentication-certificate body=\"@(Convert.FromBase64String((string)context.Variables[\"keyVaultCertBase64\"]))\" />\r\n    </inbound>\r\n    <backend>\r\n        <base />\r\n    </backend>\r\n    <outbound>\r\n        <base />\r\n    </outbound>\r\n    <on-error>\r\n        <base />\r\n    </on-error>\r\n</policies>\r\n",
        "format": "rawxml"
      },
      "name": "[concat(parameters('ApimServiceName'), '/FiservAccountSearch/policy')]",
      "type": "Microsoft.ApiManagement/service/apis/policies",
      "apiVersion": "2021-01-01-preview",
      "dependsOn": [
        "[resourceId('Microsoft.ApiManagement/service/apis', parameters('ApimServiceName'), 'FiservAccountSearch')]"
      ]
    }
  ]
}